{"cameraMode":{"drawMode":0,"name":"Shaded","section":"Shading Mode"},"sceneLighting":true,"audioPlay":false,"sceneViewState":{"m_AlwaysRefresh":false,"showFog":true,"showSkybox":false,"showFlares":true,"showImageEffects":true,"showParticleSystems":true,"showVisualEffectGraphs":true,"m_FxEnabled":true},"in2DMode":false,"pivot":{"x":152.05999755859376,"y":92.66000366210938,"z":20.43000030517578},"rotation":{"x":-0.054883986711502078,"y":0.003320271847769618,"z":-0.00024952832609415054,"w":-0.9985511302947998},"size":0.8660253882408142,"orthographic":false}