{"cameraMode":{"drawMode":0,"name":"Shaded","section":"Shading Mode"},"sceneLighting":true,"audioPlay":false,"sceneViewState":{"m_AlwaysRefresh":false,"showFog":true,"showSkybox":false,"showFlares":true,"showImageEffects":true,"showParticleSystems":true,"showVisualEffectGraphs":true,"m_FxEnabled":true},"in2DMode":false,"pivot":{"x":128.63258361816407,"y":88.03042602539063,"z":-3.0432472229003908},"rotation":{"x":0.049266234040260318,"y":-0.7070960998535156,"z":0.04952085763216019,"w":0.7036789655685425},"size":96.99484252929688,"orthographic":false}