{"cameraMode":{"drawMode":0,"name":"Shaded","section":"Shading Mode"},"sceneLighting":true,"audioPlay":false,"sceneViewState":{"m_AlwaysRefresh":false,"showFog":true,"showSkybox":true,"showFlares":true,"showImageEffects":true,"showParticleSystems":true,"showVisualEffectGraphs":true,"m_FxEnabled":true},"in2DMode":false,"pivot":{"x":143.28199768066407,"y":87.7237777709961,"z":-0.9807583093643189},"rotation":{"x":0.04790078476071358,"y":-0.7024140357971191,"z":0.04751533642411232,"w":0.7087833881378174},"size":13.515973091125489,"orthographic":false}